id,type,x,y,z
30,1,5.59677,2.79184,3.16992
1015,1,1.51079,9.40722,5.20958
13,1,6.95967,0.0731927,1.42729
713,1,8.8138,3.08943,1.79496
534,1,1.63803,0.745201,7.60611
746,1,3.24229,7.26663,1.8243
992,1,-0.1765,6.49957,2.24286
325,1,9.9309,7.18206,2.20256
946,1,0.651111,7.19558,7.84862
673,1,6.53139,6.24855,2.30266
38,1,8.45867,1.05243,4.54077
174,1,2.48315,6.02229,4.98354
1007,1,-0.160569,3.75345,5.26083
283,1,5.93143,3.81591,6.4041
1193,1,8.39572,6.50125,5.60706
1006,1,5.15202,7.18932,6.90595
1121,1,7.66708,9.36552,8.10624
939,1,2.27871,4.44241,9.3166
1250,1,5.72023,3.97993,9.923
1241,1,8.4307,9.69322,4.14464
999,1,8.84782,4.12392,8.31658
1126,1,7.43274,1.0323,7.87998
1314,1,0.300408,3.22523,11.9476
152,1,8.62976,2.44263,12.1991
606,1,4.5387,7.59433,10.5552
36,1,7.27482,7.69782,12.9332
927,1,10.0109,9.1873,10.7129
175,1,4.08287,3.00159,16.0539
412,1,4.53098,6.51295,15.8416
228,1,7.15158,4.55071,14.6014
1341,1,1.08541,8.36717,14.7065
469,1,4.25856,9.23154,13.6438
137,1,9.72048,10.3877,14.0157
303,1,4.24172,1.03457,18.9679
922,1,6.59005,4.62119,18.5776
1099,1,3.13267,5.17741,18.7344
374,1,9.72862,4.72285,16.9904
364,1,5.119,8.08391,18.9466
546,1,0.81427,9.31581,18.0599
1112,1,9.72552,7.72297,19.6654
200,1,5.07343,0.579513,10.4666
321,1,9.57644,5.63257,11.361
559,1,8.05768,9.14553,16.8973
115,1,2.26931,3.455,21.61
806,1,0.692481,5.62787,26.8371
593,1,7.95347,2.59942,23.5191
101,1,1.09045,9.58476,21.5142
602,1,3.47622,2.02367,24.5288
1020,1,5.43317,4.69655,26.1645
511,1,1.07942,9.25051,26.2271
401,1,7.12546,8.68282,23.4461
240,1,1.12361,1.6561,26.947
1339,1,7.53253,2.74977,28.1811
1052,1,2.93896,3.65441,29.1488
693,1,9.05605,5.88266,26.5298
596,1,4.30973,7.96508,26.9808
720,1,7.71376,9.1418,29.1644
318,1,2.19543,7.05828,29.6183
1228,1,8.17338,2.17907,31.6593
587,1,1.98842,0.388944,31.2329
840,1,7.92145,5.29057,33.2697
56,1,3.17421,6.5716,32.8082
1074,1,1.34437,9.50617,32.3024
1297,1,5.20526,9.07876,31.5502
492,1,1.51123,2.24938,36.0776
52,1,8.58911,0.863554,34.9463
350,1,8.37683,8.85188,39.3209
1267,1,0.0326751,5.50629,35.4229
541,1,3.45242,5.16197,35.8018
811,1,5.8606,2.96289,34.8916
1212,1,5.47873,8.0529,34.9955
533,1,1.54946,1.97898,39.6214
520,1,6.45338,0.759342,37.6231
61,1,2.56486,5.26196,39.0658
262,1,6.14837,5.95799,37.7085
775,1,1.66805,8.63822,39.0022
1277,1,5.03335,9.22902,38.2939
518,1,9.096,5.4284,39.2817
1206,1,9.79072,9.68689,33.6884
1295,1,4.96489,2.89251,39.8121
984,1,3.39037,10.7429,1.39771
985,1,6.85001,11.2091,1.45024
675,1,1.56356,14.5936,1.60857
398,1,8.97911,13.9357,1.59051
1301,1,1.93538,17.948,0.656591
630,1,4.58194,16.1357,2.10241
1005,1,8.8355,19.1564,9.0059
474,1,2.82198,18.2193,8.29089
157,1,5.05038,10.2434,4.98475
179,1,3.67483,13.2929,4.03968
590,1,1.03424,14.9947,5.28378
797,1,6.94415,14.3228,4.47031
1321,1,5.64082,18.4236,10.0906
94,1,4.05024,18.1299,4.95135
98,1,7.15451,18.1001,3.16047
692,1,6.18885,20.1935,6.85766
1033,1,7.73419,17.0561,6.52683
15,1,5.83837,12.06,9.81673
281,1,3.12757,10.7458,8.03318
426,1,0.570061,15.5427,8.70678
32,1,0.224381,18.146,6.20278
1149,1,4.68289,15.4253,7.07225
509,1,0.354473,19.6239,3.28939
484,1,0.594519,13.7043,13.9837
1183,1,2.4535,11.4121,15.8687
347,1,3.82225,12.5648,12.7641
584,1,5.86604,11.5067,15.7225
1042,1,6.46605,14.4538,14.0968
214,1,8.536,16.3154,16.1544
344,1,3.66349,18.5652,14.8734
1187,1,0.969684,12.5373,19.3651
535,1,7.34547,17.5177,12.9369
879,1,4.3067,15.2039,10.5388
118,1,7.53883,11.4957,19.7244
332,1,8.80743,13.0038,16.8175
1167,1,1.74277,15.9563,19.2804
903,1,4.40783,12.7885,18.792
1290,1,4.32471,15.6161,16.6781
825,1,2.45865,19.2093,18.154
755,1,4.97689,17.1975,19.8492
824,1,6.36984,18.8448,17.0956
1276,1,0.397283,10.5233,12.0329
338,1,0.795749,18.0655,11.1389
651,1,8.18924,12.0295,23.2115
448,1,7.03898,14.955,21.5836
219,1,0.683922,17.2194,22.6945
418,1,3.39413,10.6113,23.9359
932,1,6.26849,11.9248,26.6874
1137,1,9.53595,10.7308,26.6181
817,1,3.20049,15.3001,24.2369
9,1,8.71333,14.3727,25.9159
514,1,8.8392,17.1072,23.717
1134,1,0.52562,19.1681,25.67
1230,1,4.80474,18.9663,24.8937
20,1,3.1359,12.7409,28.0039
253,1,0.953938,15.2496,26.9487
785,1,5.3284,15.3202,27.0271
89,1,0.121052,18.2131,29.2776
439,1,3.07062,17.8768,27.726
1117,1,7.45588,18.1008,27.0313
1178,1,6.97862,19.7267,22.2842
445,1,0.166178,12.6932,30.116
365,1,0.149438,9.85033,36.1131
1083,1,3.48009,12.1432,31.4317
923,1,9.78591,12.2602,30.0879
373,1,2.11638,15.5917,30.4671
48,1,4.21944,16.4375,33.269
1248,1,5.53693,19.5136,32.2285
244,1,7.56539,17.197,30.507
858,1,1.50181,12.4008,34.3022
963,1,4.82219,11.4736,34.9757
1047,1,8.01462,12.6627,33.0971
1222,1,0.794121,15.6777,33.7142
215,1,6.66745,14.2696,35.9418
1025,1,4.50625,16.8792,36.7368
1308,1,3.06045,13.6792,37.1616
249,1,6.88709,19.1065,35.4573
688,1,6.13632,14.3762,39.414
334,1,8.72748,16.7089,37.3125
924,1,3.68141,19.8395,38.2967
1138,1,6.32227,17.9499,39.6309
1162,1,1.86688,22.0989,1.7661
836,1,8.45426,20.6816,1.20604
340,1,1.98778,25.2956,0.475111
925,1,7.39702,23.9893,0.360296
1284,1,1.87996,24.6978,7.04444
835,1,6.61004,27.2993,0.860461
921,1,9.48536,29.44,1.77789
1304,1,2.31964,27.4611,9.43458
891,1,3.43788,21.5889,4.84941
232,1,6.52167,22.5071,3.50048
1059,1,9.10682,20.3618,4.905
1160,1,0.774567,26.5775,3.29394
1285,1,3.79244,24.8365,3.6211
556,1,7.03328,26.0233,4.0118
798,1,0.839469,27.9408,6.33213
455,1,3.77463,28.3742,3.51997
316,1,1.04077,21.3044,7.39466
1088,1,3.835,29.7033,6.73638
319,1,3.87871,21.6421,9.06134
726,1,5.39835,23.8456,6.78277
783,1,7.16657,22.4573,9.72827
780,1,8.33905,25.8902,7.21755
1131,1,9.89512,25.9947,1.47422
878,1,9.55186,23.8125,4.68242
529,1,0.095243,23.04,4.52263
1136,1,0.460553,28.4085,0.0360151
1065,1,4.96088,21.1126,12.2672
677,1,4.17323,24.5307,11.7652
1024,1,7.30896,23.8625,13.2482
1186,1,8.11748,25.8424,10.6252
82,1,0.829439,26.1063,12.9796
849,1,1.366,29.5382,12.163
761,1,5.54452,24.8538,19.0962
74,1,6.66977,22.2845,16.978
653,1,7.85942,20.6796,14.1061
399,1,1.7098,24.8948,16.1461
433,1,5.15754,25.1315,15.642
110,1,8.77323,25.0085,16.3142
503,1,6.89401,27.3551,13.5362
1105,1,3.35588,27.871,14.5905
246,1,7.23836,28.4943,16.8583
346,1,4.94223,21.0448,19.7664
390,1,9.8412,20.7835,16.9918
991,1,9.12505,22.4865,22.2974
763,1,4.76051,23.3682,22.708
1173,1,8.72217,25.3982,20.4918
165,1,1.28859,27.6516,22.763
687,1,7.55853,28.711,20.3587
1165,1,6.90493,28.7159,23.9905
1128,1,7.38365,25.2464,24.0753
895,1,1.58242,21.2525,28.2881
830,1,7.88743,29.5929,28.592
1077,1,6.33876,23.2657,29.8837
8,1,9.82466,23.7551,29.0729
896,1,8.52527,20.4651,29.454
1135,1,1.30732,24.3334,29.9926
125,1,4.86056,28.0613,27.6646
557,1,5.2216,20.5429,28.1568
1106,1,9.70735,22.7697,25.7423
567,1,5.79879,24.6367,33.0355
617,1,3.99826,26.2915,30.5518
22,1,9.2151,24.0249,32.5268
777,1,7.56121,26.5031,30.2468
1340,1,2.12071,28.0096,33.0835
538,1,5.60511,28.1297,32.9332
1104,1,1.74004,25.1637,35.112
252,1,7.00766,25.5201,36.1449
169,1,5.30148,28.6919,36.4092
369,1,0.834579,28.3578,36.3432
1158,1,9.78316,26.9575,34.7112
793,1,4.07919,25.7912,37.8963
554,1,1.13821,22.6547,38.4026
1188,1,1.17169,20.1583,35.8927
172,1,6.16053,22.2267,36.8708
694,1,9.05624,27.3221,38.3432
767,1,4.38229,22.8528,39.7598
1118,1,3.40917,33.2786,1.88196
625,1,8.09615,33.0732,2.76191
1221,1,1.08333,35.8657,1.90158
1258,1,9.52948,38.3937,6.54397
527,1,3.99343,36.93,7.88772
496,1,7.00412,36.2315,1.58036
1266,1,3.9737,37.6323,2.74971
838,1,1.91138,31.9673,4.73521
1315,1,7.39264,30.1146,4.52761
1164,1,4.12634,34.8128,4.9118
393,1,1.13869,38.6543,4.57986
562,1,4.33078,39.8169,5.46841
771,1,6.66903,37.2166,4.93637
329,1,0.712651,30.9222,7.8642
1170,1,2.04894,34.0625,7.57026
416,1,6.30126,34.3005,7.65826
155,1,9.35197,34.9902,9.21227
1302,1,4.95483,30.3283,0.857095
1147,1,0.563779,37.4368,7.98819
273,1,7.09379,37.7908,8.96933
1179,1,9.85316,31.693,6.43688
1286,1,3.55685,31.2807,9.82554
716,1,0.626376,32.6889,13.4295
818,1,3.79739,34.1262,11.8203
295,1,0.529384,38.8619,12.5925
147,1,9.56265,38.0381,17.8215
964,1,7.0388,35.7847,11.7236
405,1,4.43144,37.9244,12.6566
497,1,7.72007,39.1294,12.4572
1349,1,4.31618,31.7236,16.286
874,1,6.50168,33.3614,13.9608
1331,1,8.36265,30.4574,14.0468
1115,1,2.30935,35.4757,14.702
1161,1,0.772944,38.315,16.054
612,1,7.12925,39.7281,15.8511
536,1,9.20295,32.6518,17.1272
149,1,3.21043,34.5514,17.9568
420,1,6.53376,34.8135,17.0458
402,1,2.6992,37.8825,18.932
905,1,6.18202,37.8184,18.7075
603,1,0.57049,34.7399,10.6104
801,1,4.64472,30.6165,12.9935
710,1,0.450136,35.2961,19.7675
446,1,5.84141,31.4063,21.7871
990,1,2.76251,33.0069,21.0965
161,1,9.15634,31.2234,23.1029
4,1,0.997009,36.6285,22.8629
977,1,5.76128,39.9477,23.1205
1093,1,3.50654,34.5483,24.2174
740,1,6.40864,34.6235,20.5255
1055,1,9.8427,34.7674,20.9965
739,1,2.34828,39.9275,21.7936
1130,1,4.34352,37.0256,21.8544
276,1,7.87821,37.5644,21.7564
807,1,2.13286,30.9082,23.8439
808,1,7.6784,33.9422,24.6841
715,1,0.926791,33.2106,26.2249
910,1,5.96049,36.9687,25.0499
1172,1,2.55848,38.5707,25.2966
1043,1,7.88187,39.7639,25.8864
526,1,3.8227,31.3619,26.9271
773,1,5.84048,32.736,29.4967
411,1,2.86673,34.4992,28.9165
1139,1,2.59012,37.9794,28.7319
384,1,8.97968,36.2316,27.566
848,1,6.18572,38.5877,28.6993
721,1,3.67748,30.5578,31.1885
1081,1,0.802335,32.2458,32.3822
1010,1,8.08181,37.8386,38.6797
627,1,3.66164,34.4687,33.5195
841,1,9.33988,35.0256,31.6344
259,1,0.707803,37.1271,31.5582
43,1,6.30401,33.3249,39.7553
986,1,4.92103,36.9749,31.5164
743,1,8.46806,38.636,31.4314
126,1,5.21952,31.412,34.2091
648,1,6.72489,36.0535,34.4854
106,1,3.74913,35.9351,39.5925
476,1,5.71953,39.8643,33.2811
958,1,1.66603,31.5925,39.3575
1246,1,1.20976,34.6735,37.5386
631,1,4.54157,33.6748,36.7954
1346,1,8.35072,34.6222,37.2582
661,1,3.93868,39.426,39.7298
1189,1,4.66448,37.8884,36.6424
168,1,9.46505,30.4542,36.8381
1163,1,8.35772,30.0075,33.5473
257,1,17.5064,5.21468,7.20605
737,1,16.3785,1.26559,1.9502
217,1,19.7659,1.24334,1.14809
734,1,17.0173,0.260228,9.10165
471,1,14.3503,9.3172,0.861809
53,1,11.0806,6.64027,8.47686
480,1,12.0086,1.1252,3.96707
188,1,11.7886,3.40184,6.59084
247,1,11.8401,6.42601,5.00319
429,1,15.7964,3.63408,4.40404
1109,1,18.9807,6.89694,4.68715
965,1,10.8359,9.33984,6.57599
481,1,16.4715,8.50567,6.57302
654,1,14.9645,6.85255,3.50328
19,1,16.8263,9.74154,3.30456
1227,1,12.3804,0.07659,7.44054
1322,1,14.998,2.29306,7.43914
657,1,18.4377,3.37617,9.8413
744,1,18.3125,1.94236,6.21903
786,1,14.2426,5.60316,8.12276
547,1,20.0235,9.00046,2.2273
1153,1,13.272,7.3758,16.4459
1292,1,12.0933,1.7431,10.8378
904,1,19.6814,1.91187,12.6291
464,1,16.4551,6.38871,17.5435
564,1,12.9177,6.74803,11.5017
1211,1,12.0193,3.99551,13.5206
1207,1,15.7626,4.7444,11.653
624,1,16.9125,9.74076,18.5692
867,1,15.7208,8.30682,10.093
204,1,12.4761,1.06248,15.3826
747,1,15.5943,1.74985,13.4412
928,1,10.4364,7.02455,14.453
760,1,17.5411,4.04446,15.2243
784,1,15.3222,8.2256,13.7283
339,1,18.3477,6.62719,12.9895
1018,1,18.9662,8.60551,15.8042
284,1,11.8278,2.33504,18.4453
103,1,14.3082,4.54063,19.7794
704,1,14.1648,3.97702,16.3251
422,1,13.6016,8.9311,19.5476
1166,1,17.8203,0.228053,16.3979
371,1,10.8102,2.99607,21.6275
532,1,17.1125,2.70986,21.7949
569,1,14.2167,1.11269,20.6182
1259,1,13.8944,3.534,23.104
250,1,18.8443,5.9258,22.5522
877,1,15.8988,6.14891,24.2778
1213,1,12.2783,6.58098,21.8084
293,1,16.2165,7.24207,20.9102
695,1,18.0205,9.34467,23.1599
628,1,10.9324,2.09275,25.564
309,1,17.5838,1.79312,25.2192
634,1,12.4605,5.39796,25.7475
159,1,18.9329,4.73246,29.6855
633,1,11.1624,9.16631,23.9205
940,1,14.4614,9.6922,22.878
1272,1,14.349,8.59444,26.226
1113,1,9.90368,0.311907,28.7337
107,1,14.3389,2.51978,26.4174
815,1,16.1259,1.86994,29.345
113,1,10.3785,4.44577,29.4677
189,1,13.9011,4.53601,29.6344
1001,1,18.59,8.19849,29.7245
1262,1,12.1044,7.35843,28.6388
696,1,16.369,6.14891,27.7503
1070,1,19.0016,7.79518,26.1261
900,1,12.7798,1.29383,30.3265
1182,1,11.5046,1.80306,33.5726
1011,1,14.9038,2.03515,32.9624
119,1,19.4278,1.28404,30.3897
297,1,17.8425,3.86527,32.7681
1298,1,18.8382,6.40467,38.1576
810,1,11.3733,5.14566,32.765
96,1,19.7049,6.73667,32.7216
73,1,10.5895,0.915635,39.6904
712,1,12.5606,8.34997,31.9828
667,1,12.5526,5.75925,36.0184
1303,1,16.5802,4.68234,36.1391
607,1,11.893,7.39614,39.2936
1034,1,13.6783,9.06806,36.2883
231,1,19.5069,8.76622,35.5631
539,1,10.3872,3.15718,36.9761
588,1,16.1596,1.49157,38.4687
920,1,19.6086,0.660454,37.6851
670,1,17.5871,1.51417,35.1053
510,1,17.6949,9.31631,39.6464
136,1,16.1947,12.3674,0.491275
1205,1,14.0593,11.7456,3.91809
406,1,19.7794,12.1191,0.422452
852,1,12.4771,13.639,1.45546
1050,1,13.5414,15.6237,4.15365
1320,1,15.955,15.7186,1.58289
968,1,11.32,17.5982,7.06865
758,1,11.4204,17.002,1.24358
477,1,17.9616,18.4547,0.672245
486,1,19.5079,16.2369,2.87592
742,1,10.7048,12.4016,5.06477
198,1,17.0905,12.772,6.94326
461,1,19.2888,10.5554,5.5479
643,1,17.326,13.2084,3.58575
686,1,10.1102,15.7834,4.33893
1096,1,19.7514,15.1087,6.34773
611,1,14.6499,18.8874,3.43733
741,1,16.773,16.3646,4.98995
60,1,10.1405,12.0736,8.67507
586,1,12.9107,14.0054,7.28274
1080,1,13.933,10.6818,7.47557
764,1,16.7791,15.8432,8.44469
708,1,15.45,18.982,6.83396
280,1,16.8081,11.6529,10.1111
1199,1,18.0695,19.0106,9.14612
829,1,18.1452,19.4689,4.10942
718,1,16.752,13.7314,18.1768
732,1,18.3306,10.0119,12.6468
585,1,15.1368,16.3995,13.0298
938,1,13.4136,14.1564,10.8032
1313,1,11.3088,17.332,10.7062
772,1,18.3265,16.4843,11.5019
415,1,13.7878,12.6841,14.0827
229,1,18.4237,16.7108,18.4961
591,1,16.6531,11.1835,15.3676
203,1,11.7525,15.4354,13.6444
915,1,17.3263,13.6903,13.1519
79,1,13.3144,17.9794,16.2619
1092,1,10.5749,17.7525,18.5816
482,1,17.4848,18.8875,13.9321
623,1,10.925,10.6255,18.0594
616,1,14.0857,11.6597,17.4413
1141,1,19.4947,11.7847,17.2382
296,1,13.7556,14.088,19.9293
1049,1,11.8071,14.8174,17.1017
1181,1,10.487,18.5277,14.2821
655,1,17.0698,19.7453,17.2873
1327,1,14.6124,18.3485,10.1834
368,1,11.8824,11.4459,21.2813
225,1,16.4561,12.942,21.9066
37,1,13.4616,19.6434,30.306
202,1,20.1347,12.0339,24.0185
99,1,12.5744,15.6137,22.8591
450,1,10.3036,14.6994,20.3159
876,1,19.2722,15.0363,22.1696
45,1,12.6144,18.6633,21.1503
909,1,15.8333,17.5342,20.5772
1201,1,11.4128,12.6593,24.4634
447,1,14.5838,13.8934,25.1283
637,1,17.5242,15.827,25.3872
691,1,17.2168,11.8142,25.9079
1217,1,11.9033,18.7063,24.4894
1240,1,15.3417,18.2255,24.0075
452,1,12.6524,10.7212,28.4107
889,1,20.0031,12.3011,27.9656
400,1,12.0997,13.9444,27.6387
703,1,10.6879,16.9704,27.2013
1101,1,14.0973,16.7307,28.4555
378,1,14.9737,13.5174,29.8594
385,1,12.641,12.1907,32.1266
937,1,11.329,19.6826,33.9246
525,1,17.5329,11.3367,30.9201
1312,1,11.0867,16.5486,30.6459
285,1,18.6151,16.9832,33.3299
289,1,17.9099,15.4225,30.1072
1271,1,16.9625,19.0902,30.3552
887,1,19.8665,12.1442,33.5655
1274,1,16.87,11.4152,35.248
1283,1,10.6813,14.8318,33.7252
926,1,14.0121,14.2003,34.6671
1009,1,19.6822,17.7088,36.6481
857,1,10.2461,13.2433,36.8251
952,1,11.5093,10.8737,39.1358
1229,1,14.3593,12.2642,37.5624
1000,1,12.6898,15.2319,38.3805
313,1,10.5294,19.3109,38.7182
906,1,13.1388,18.1419,36.5068
650,1,14.7073,19.1349,39.6832
352,1,16.9068,16.2039,38.154
709,1,19.1123,26.5227,9.36626
1030,1,14.9853,21.9807,1.8043
839,1,18.5314,22.719,2.87689
1102,1,13.0942,24.7979,0.952162
935,1,18.7448,28.7391,0.360034
753,1,15.9442,25.025,3.27886
1220,1,19.225,25.2819,0.639573
17,1,15.2913,27.4661,0.852549
738,1,11.8489,20.4192,1.97807
620,1,12.8636,23.5911,4.10628
645,1,12.5374,20.6267,5.84166
812,1,15.7154,22.07,5.21317
39,1,18.9054,21.9665,6.46811
544,1,16.4066,29.1089,6.71923
1087,1,13.8313,26.9442,5.32095
1111,1,10.363,27.3561,4.65665
589,1,12.8868,21.2426,9.27793
942,1,9.99489,22.1968,7.72968
689,1,16.2247,21.837,8.67799
258,1,13.5792,24.168,7.48549
866,1,14.1634,27.3922,8.78877
306,1,16.917,25.0517,6.65188
1023,1,10.6301,22.9464,14.1858
1294,1,10.3314,20.7038,11.578
595,1,13.5808,21.3533,12.7008
1344,1,11.4368,24.9799,11.3555
566,1,16.1264,24.8575,10.0632
1305,1,16.9804,22.0975,12.1169
950,1,13.9437,27.2193,12.3836
683,1,19.8333,22.202,16.9356
1316,1,16.6972,22.7793,15.5562
512,1,11.9561,23.6499,17.4384
980,1,13.7807,24.3337,14.4264
16,1,17.925,26.7248,16.045
127,1,16.8307,25.443,13.2237
957,1,19.7205,23.5719,13.7015
827,1,10.5819,29.6024,16.6119
1270,1,10.3941,27.7389,13.2426
1328,1,12.2977,26.8371,16.0894
451,1,17.0621,22.8584,19.0787
251,1,20.0028,20.4014,11.589
568,1,15.0572,25.3328,17.5854
679,1,13.3278,28.9354,18.69
311,1,17.4849,27.1894,19.4417
1089,1,17.9877,30.1054,15.9772
404,1,16.3254,20.822,21.8487
621,1,13.4842,21.817,19.9744
1291,1,14.8464,24.9861,22.6328
1145,1,11.5021,27.4036,21.1048
357,1,16.4057,29.1868,23.5137
1269,1,18.4347,26.3492,22.644
885,1,12.4243,22.0341,23.4079
388,1,17.4019,29.0799,28.1396
121,1,10.895,25.5654,24.0049
1216,1,16.9901,24.7821,25.4481
312,1,17.1833,21.92,27.4859
1174,1,11.904,29.1785,27.3121
395,1,14.22,27.6313,29.7207
195,1,19.3609,28.3885,25.3278
580,1,11.474,20.3602,27.5443
449,1,10.8646,27.008,31.3689
35,1,18.3786,27.7268,31.0995
698,1,11.7355,23.0571,34.8005
436,1,19.4271,27.6519,34.3241
1095,1,18.8926,22.7554,35.7193
10,1,15.2442,22.6598,35.1014
1203,1,13.7787,25.6924,33.7527
802,1,19.2082,25.9064,37.2514
1196,1,17.3306,24.8785,33.3797
614,1,16.2341,27.1709,35.7532
983,1,12.727,28.8107,35.0139
1268,1,13.1085,21.4724,37.6171
548,1,17.0482,22.9482,39.1681
892,1,14.3961,24.7611,37.7759
1318,1,19.5956,20.6751,38.5235
1200,1,12.6936,27.6954,38.3368
748,1,16.0358,29.5986,38.2083
1057,1,19.8353,21.1055,30.6807
576,1,10.5353,22.9463,39.4344
437,1,17.8564,31.506,2.43176
83,1,10.2731,33.883,0.109957
288,1,12.0803,35.8945,2.22462
555,1,10.0335,38.7193,2.36208
248,1,13.9065,38.8345,1.97036
735,1,11.5319,32.5734,3.43409
754,1,14.6481,30.1828,2.95963
949,1,14.2098,32.3019,5.7002
666,1,13.9422,36.2266,5.1116
768,1,16.7443,34.2822,4.17433
1038,1,17.9801,32.2336,6.76597
133,1,12.1895,36.6908,8.12457
427,1,12.2728,33.2159,8.4735
442,1,10.2879,35.143,5.59823
294,1,15.4213,34.7166,7.88048
102,1,15.3378,35.421,1.19562
55,1,14.8401,37.8001,9.98575
153,1,18.2212,36.9584,9.46467
11,1,10.2277,38.9124,9.96933
601,1,19.8755,37.4114,17.0647
893,1,14.8641,31.4267,9.98365
154,1,18.0328,29.978,10.2316
697,1,19.4918,32.5652,12.1171
1012,1,16.7156,34.2249,11.0286
705,1,12.166,36.0462,11.5788
757,1,16.1624,34.9976,14.3799
1343,1,19.652,34.6369,14.9277
1107,1,18.3638,38.042,13.639
604,1,13.4376,32.4023,19.2354
86,1,16.4193,30.5064,19.1101
1300,1,14.5904,30.9154,16.0896
268,1,17.3583,33.2596,17.191
431,1,13.5091,38.9973,12.9098
465,1,11.4826,35.1417,17.9934
872,1,14.8918,35.4158,18.0857
1245,1,12.9222,33.8452,15.0858
671,1,16.215,38.5048,18.9811
550,1,12.4687,30.472,12.3796
327,1,10.434,30.6944,19.9081
1085,1,17.487,38.6975,29.0666
1082,1,12.2264,32.7838,22.5134
408,1,19.108,29.8727,21.3182
549,1,16.7052,32.3774,22.0505
996,1,13.0629,36.2067,20.9563
1039,1,17.0622,35.6901,21.0376
762,1,17.2146,39.242,22.3263
690,1,14.9274,30.6344,26.3586
789,1,19.0259,32.9249,26.0145
1337,1,11.2713,35.8369,23.9556
47,1,14.8001,33.5893,24.6764
629,1,15.1349,36.8702,23.7203
488,1,19.2126,35.6768,23.7867
1144,1,16.8946,35.6064,26.6448
642,1,11.1549,38.5888,26.0655
682,1,10.4026,39.7354,22.8458
1110,1,13.7056,40.0648,23.9839
663,1,12.0707,32.8152,26.7966
837,1,11.3344,32.2519,30.2006
787,1,13.4181,36.1168,26.6728
1157,1,14.1456,34.1897,29.286
382,1,17.5943,33.3011,29.1753
182,1,19.7698,36.1249,28.8198
822,1,14.2257,39.3379,27.7993
608,1,18.6226,38.5041,25.7986
213,1,15.0039,30.9881,29.9955
956,1,17.2877,31.9926,32.411
649,1,13.7655,33.59,32.6597
489,1,17.705,35.7867,31.6566
230,1,11.3347,37.3339,29.8978
1002,1,12.8643,38.6931,32.9807
901,1,10.9825,32.1152,33.9897
122,1,15.2822,31.2116,35.1454
274,1,16.3976,34.5141,34.6903
1032,1,19.656,35.7416,34.5497
239,1,13.6848,36.5319,35.6197
1335,1,14.6504,39.9204,35.7486
1168,1,19.4667,33.7851,37.3759
972,1,17.7388,38.2414,35.8329
105,1,16.7417,32.7683,39.2948
1075,1,17.0433,39.1703,32.5043
610,1,16.3037,35.9331,37.8724
266,1,19.4755,37.864,39.6571
409,1,11.3388,39.5338,36.5835
272,1,11.8062,30.8097,39.5371
223,1,14.7747,37.3248,30.5713
93,1,10.0026,37.2565,34.2856
674,1,28.0126,2.39997,3.45789
457,1,28.3565,1.01996,0.31371
700,1,23.1777,0.677305,1.18631
790,1,21.9901,3.97511,1.9555
184,1,25.6778,3.13419,1.10232
978,1,25.0747,6.45015,1.84395
162,1,20.2474,-0.246218,9.63306
638,1,22.4233,6.66388,4.14122
707,1,21.2217,8.16194,7.19663
120,1,25.7773,9.32874,3.69347
907,1,28.5837,8.61945,7.95053
187,1,24.2162,2.76875,4.26824
545,1,21.7441,0.452653,5.197
1037,1,28.9667,0.22549,6.18849
331,1,22.4942,10.1406,4.45897
665,1,24.139,1.12771,7.61657
131,1,26.8301,2.85192,6.47523
1054,1,25.2265,7.69535,7.40781
314,1,23.8148,4.58431,7.33457
193,1,28.8735,5.67956,6.04857
519,1,26.792,4.37834,9.32469
1122,1,22.3702,3.76143,11.3517
236,1,23.2197,0.432983,10.7715
377,1,20.3051,6.29594,10.0834
207,1,28.9232,0.120221,10.1039
1142,1,25.692,3.77728,12.377
834,1,26.4427,8.31225,10.6872
854,1,29.286,6.25951,10.5118
375,1,29.5066,5.09278,19.516
1278,1,27.5712,9.84934,13.5213
1342,1,29.9952,7.50615,13.6067
317,1,21.316,2.82759,15.5106
731,1,25.7148,5.06655,18.9351
581,1,23.9688,1.29603,13.9296
493,1,27.7674,2.82932,17.0002
966,1,26.8829,8.31138,19.7314
1016,1,28.2427,1.07707,14.0101
453,1,24.7499,4.11837,15.7256
987,1,23.4735,7.03888,17.2243
242,1,27.9478,6.46754,16.6924
809,1,28.6152,4.46826,13.9644
796,1,21.3109,6.23928,14.6876
49,1,25.8203,6.90974,13.9237
403,1,23.1008,9.06648,13.5709
1154,1,25.8922,9.41486,16.512
2,1,29.5538,9.47302,16.4155
85,1,25.5709,0.494826,18.755
50,1,20.7308,8.47464,18.8365
843,1,23.0567,2.8418,18.5125
575,1,23.1128,8.37366,10.1139
84,1,20.233,1.42534,20.1393
619,1,21.4281,4.96828,20.5997
212,1,26.853,3.13423,21.4084
1194,1,21.4112,9.26871,22.1579
1097,1,24.6442,7.98603,22.4286
1198,1,20.3687,2.83768,23.3109
1279,1,26.8662,1.18289,24.2747
913,1,27.5782,7.30106,27.6604
1014,1,24.0157,4.52564,22.7791
141,1,26.596,4.53193,24.9198
360,1,28.5269,7.33524,24.2858
524,1,29.4015,3.90468,26.5702
1317,1,21.7337,6.58544,24.2973
1150,1,24.3828,6.55491,26.4775
71,1,26.3371,3.29179,28.1884
656,1,28.2759,0.358507,28.2944
171,1,23.1866,3.2853,26.3171
1013,1,19.8325,4.34108,26.4166
1231,1,21.5026,6.79507,28.335
164,1,28.9788,4.98516,29.8279
982,1,24.0324,9.95677,25.9803
699,1,28.583,0.256652,20.9252
300,1,20.6055,0.510057,33.6461
976,1,29.7815,8.76614,38.6963
1242,1,23.3572,2.0295,29.5141
413,1,30.2316,1.88058,30.8194
139,1,20.8648,3.67903,38.7918
1255,1,28.1389,3.20472,33.3513
908,1,22.3245,4.90269,31.2464
1247,1,26.0583,5.52239,31.7274
531,1,29.3872,6.45884,32.9529
428,1,22.4299,8.44766,31.3611
391,1,25.8647,9.02491,31.8365
199,1,23.8229,1.68803,32.9625
971,1,26.2752,0.948953,35.2817
123,1,24.3499,7.05604,34.3709
613,1,25.3994,0.274595,38.5598
641,1,24.7759,3.74668,37.8087
1234,1,23.3673,6.9528,37.7378
1076,1,22.1191,2.97026,35.6595
379,1,29.0994,1.82567,37.0937
479,1,28.3078,4.62062,39.1934
490,1,25.8082,8.87195,39.373
256,1,25.5261,12.158,0.499859
241,1,28.3844,11.3548,2.5751
931,1,21.8045,15.0548,0.525079
305,1,29.8509,13.1817,-0.00633544
1116,1,27.1595,15.1448,0.419014
936,1,21.151,19.9263,2.14212
1243,1,25.0091,16.3114,2.75696
68,1,28.4203,18.2843,0.930083
109,1,25.9993,19.5959,3.04656
725,1,24.2907,13.0521,3.70266
1053,1,20.8106,13.1015,3.65615
1215,1,27.2997,13.072,5.40221
235,1,22.3312,16.8996,4.83118
181,1,26.1076,16.2823,6.11044
728,1,29.6705,18.5851,4.26091
975,1,24.8104,11.0693,6.83702
1103,1,25.3845,13.6146,9.1178
953,1,29.8031,14.7336,6.94151
114,1,26.4015,18.7841,8.61421
1026,1,23.3161,16.9238,8.17869
706,1,29.628,18.1039,7.76799
275,1,24.1722,19.6533,6.05991
662,1,20.9302,19.3116,7.20447
869,1,22.763,10.1317,0.615899
774,1,21.3288,11.0925,11.2682
336,1,24.9598,11.9599,13.024
1233,1,27.899,11.5489,10.4244
522,1,20.9742,14.4484,10.4065
919,1,24.3089,15.2443,12.5807
211,1,27.9439,15.8339,9.99272
419,1,20.3746,18.9014,15.8777
981,1,21.4685,17.244,12.4912
1098,1,24.3862,18.3267,11.1914
635,1,28.528,18.5723,12.1061
1348,1,22.7582,11.0011,16.4604
1244,1,27.7913,12.306,15.931
358,1,25.0481,14.4187,16.1184
12,1,27.6126,14.279,13.1273
166,1,26.9929,17.0862,14.8676
727,1,23.9183,17.765,16.3707
1195,1,25.7285,16.3007,19
299,1,28.7344,14.4381,18.4221
955,1,21.217,15.5877,16.7997
1066,1,19.977,19.6951,19.2993
723,1,28.4997,17.9164,17.8411
62,1,25.4195,20.0108,13.9281
425,1,20.6532,12.8511,14.2011
282,1,23.7879,10.0808,19.7303
191,1,22.8105,17.805,20.02
494,1,24.5007,11.4551,22.8824
579,1,29.7974,12.4663,21.1734
880,1,22.5727,14.3379,20.4421
622,1,26.4355,13.602,21.015
1127,1,24.3323,16.2627,22.7812
151,1,20.3955,18.3622,22.4905
846,1,27.6135,11.0866,29.6195
351,1,25.8582,19.203,21.586
112,1,19.9156,11.9806,20.5556
100,1,29.5683,11.7483,24.5968
644,1,22.9211,13.7579,25.1997
434,1,26.3653,13.9843,24.5016
1254,1,29.1649,15.982,24.9568
948,1,21.1828,17.3847,25.7613
263,1,26.0706,17.4141,25.9404
264,1,25.2823,12.7638,27.6086
929,1,26.9849,15.4188,29.0687
947,1,29.594,13.6711,27.5318
104,1,26.9275,18.9008,29.0414
414,1,29.1418,19.2498,26.3941
269,1,29.8357,18.7356,37.8128
87,1,22.7125,12.8816,30.1038
343,1,21.2159,15.938,31.2243
64,1,26.6018,13.8026,32.1458
59,1,22.1232,19.088,32.4854
462,1,24.4673,17.1479,30.7568
995,1,23.5034,13.0733,33.5561
1031,1,28.6144,10.1336,33.7245
54,1,21.1462,14.8225,35.413
513,1,28.6686,14.5853,34.902
944,1,23.4495,17.5329,35.4484
77,1,27.8811,18.727,33.2353
552,1,24.8717,11.637,37.0786
685,1,24.4516,17.3744,39.4069
884,1,26.5369,16.5148,36.754
551,1,29.9631,13.313,31.0268
1264,1,23.8407,22.2315,3.6631
776,1,28.8904,21.4268,2.34189
853,1,22.7975,25.1949,1.39532
578,1,25.5093,23.0639,0.701563
261,1,28.2858,24.7715,1.88744
386,1,28.4616,29.1086,6.90801
1202,1,27.4835,20.7431,6.00628
28,1,23.5783,25.5178,4.72761
660,1,20.2633,25.0023,5.64016
320,1,28.0434,24.8865,5.39952
563,1,20.8496,27.506,3.20051
233,1,24.2049,28.8926,4.08353
967,1,28.8358,27.7317,3.53638
571,1,19.8259,28.3754,6.42742
646,1,22.7506,22.678,7.08318
286,1,24.4778,30.1347,7.36127
911,1,28.8722,21.1394,9.67847
1029,1,26.6505,23.3992,8.17867
366,1,22.4231,25.3282,9.28236
1069,1,25.1721,26.6881,7.51391
1235,1,28.111,26.6745,9.26837
7,1,21.8408,28.706,9.23597
227,1,25.2418,21.6427,10.8135
860,1,26.2584,24.9174,11.514
873,1,23.122,23.9592,12.379
1058,1,21.0998,30.1154,13.9523
3,1,25.4576,28.3411,10.862
132,1,28.3808,27.4591,12.6078
1296,1,22.2337,21.1676,14.0759
355,1,27.9042,27.9619,17.1343
116,1,24.8329,22.803,15.8977
1252,1,28.536,20.2494,15.2363
387,1,21.254,26.698,13.3922
669,1,28.0587,23.4863,14.1302
1257,1,22.5299,28.1213,16.4303
516,1,30.1775,26.0132,15.1456
1021,1,26.5455,29.7574,14.4262
1273,1,23.0512,20.6889,18.0386
148,1,29.0424,30.0063,19.746
237,1,27.0725,21.0976,18.5128
1091,1,22.8301,29.8565,19.785
1132,1,20.6041,25.4915,17.7067
421,1,25.3081,26.2009,15.4985
517,1,27.1845,24.5911,18.2788
954,1,29.5311,26.4479,20.1022
1108,1,24.9802,27.2587,18.8868
75,1,24.7524,27.4361,22.3653
278,1,28.7092,28.6958,28.5845
918,1,23.9277,20.0148,24.801
959,1,26.072,22.287,23.2041
370,1,27.1556,22.0928,26.5561
1,1,26.9811,25.507,24.1075
335,1,24.4961,25.6735,27.6927
832,1,22.7273,27.4037,25.1983
799,1,26.7928,28.7282,25.4981
1079,1,29.591,26.631,26.0158
150,1,23.8698,20.6223,28.9492
255,1,21.2115,23.9348,28.9104
1324,1,27.701,25.4618,29.6428
260,1,25.218,28.9536,28.63
180,1,24.5611,23.0844,20.1016
337,1,21.9809,26.3473,20.6914
804,1,22.8953,22.4399,31.7944
183,1,29.401,26.8177,39.2477
140,1,28.547,23.9053,33.5768
676,1,26.8405,22.145,30.4478
974,1,22.2174,27.1479,29.9612
1239,1,20.5909,25.0612,32.1958
167,1,24.4067,26.1939,32.6929
751,1,23.7734,29.8431,31.6454
530,1,29.4052,27.5481,32.4836
69,1,22.2529,23.7283,34.9801
454,1,21.5526,20.4813,35.6367
1040,1,25.7121,21.8058,33.7858
277,1,28.8785,22.1757,37.4168
224,1,23.4162,26.7563,36.0539
245,1,22.2578,29.646,34.7013
491,1,25.4367,29.4984,38.1309
1176,1,25.8036,28.9383,34.3627
25,1,25.1679,23.3159,36.9178
711,1,23.355,20.6242,38.6635
724,1,26.2234,19.9975,36.7316
1086,1,21.597,23.6515,38.419
598,1,25.1882,26.1213,39.0154
221,1,21.8042,27.6351,39.0481
190,1,23.8585,34.2631,9.73482
592,1,23.8902,31.5029,0.535449
21,1,26.7992,29.9456,1.6939
537,1,21.1557,35.5512,1.65937
466,1,27.5996,34.6682,1.66387
890,1,25.4387,37.8824,7.41575
681,1,24.3968,36.6544,1.13479
134,1,20.3094,34.6123,7.99501
144,1,27.3792,32.618,6.57126
756,1,21.8595,36.5932,5.57555
851,1,24.5052,34.5228,6.3673
91,1,27.0175,36.1975,4.79443
1062,1,29.8742,34.3268,4.78948
1345,1,19.6686,38.2342,3.43965
222,1,24.4449,38.5436,4.03484
1204,1,27.7513,39.0268,3.10831
1347,1,28.336,35.6157,8.10221
58,1,26.656,31.4444,9.76691
1100,1,29.1009,31.0999,4.0375
1063,1,20.519,32.3517,0.365882
435,1,22.6248,31.3762,11.079
765,1,23.9343,33.7508,13.1939
1265,1,26.4151,36.1658,10.993
81,1,25.8006,35.1847,15.7548
582,1,22.2951,37.3137,14.4481
108,1,28.5226,33.613,11.7925
23,1,25.449,38.6397,15.3502
267,1,28.4062,39.3638,17.0649
855,1,28.3522,37.5354,13.9337
759,1,23.9219,31.3338,16.734
813,1,22.4995,34.8477,17.009
192,1,25.0521,36.3495,19.0215
444,1,28.2692,33.9007,17.9914
714,1,29.5918,30.3617,11.2335
574,1,20.5712,31.9362,17.5017
831,1,26.1177,39.3697,11.9553
542,1,22.5459,39.7676,16.9384
664,1,21.6195,32.2047,22.1033
128,1,24.2923,33.0657,19.979
341,1,27.2778,37.1121,29.1883
730,1,29.0692,30.3489,23.2606
572,1,21.677,30.7522,26.45
292,1,24.0322,30.4568,24.045
1249,1,28.0294,32.6299,25.7688
475,1,22.6266,34.946,24.0791
90,1,25.8273,35.3495,26.5352
618,1,25.7033,33.4042,23.1957
1309,1,27.5698,36.3475,23.5587
506,1,20.6718,38.857,22.9902
92,1,20.377,30.2215,29.6069
1225,1,24.886,32.0056,27.0782
472,1,29.1212,38.8445,25.2965
1120,1,22.4714,34.4074,27.5719
483,1,21.3485,40.2278,27.2039
265,1,23.8909,37.8973,28.0541
328,1,26.1289,30.4609,21.3599
158,1,28.7349,32.1752,29.0888
600,1,29.9475,33.7864,23.1706
1140,1,23.6937,39.7317,24.4398
1219,1,21.9896,32.8346,31.2847
1253,1,27.2197,29.939,31.3332
394,1,21.8918,36.5778,37.2213
659,1,25.5,35.4109,31.6622
441,1,28.8851,34.4888,31.6988
495,1,22.4475,39.1035,31.0201
34,1,20.1343,32.291,34.2945
142,1,22.3728,31.7919,37.3994
805,1,26.4336,32.4971,33.2787
124,1,27.4256,33.0082,36.4271
933,1,22.2408,36.0569,32.4962
881,1,23.3938,33.4906,34.5584
1035,1,26.607,37.6178,36.4898
1159,1,24.738,38.2368,33.617
1236,1,29.731,37.1684,35.0997
795,1,28.5001,29.7262,36.4429
185,1,25.2452,34.9248,38.2727
573,1,29.202,35.1895,38.2212
1232,1,29.5863,30.3078,39.6364
998,1,25.8337,39.8979,30.7467
528,1,28.5267,39.6306,32.9344
424,1,27.4523,37.6974,39.8841
470,1,38.6721,0.174368,2.61469
943,1,38.6241,3.29882,1.03961
647,1,34.02,3.58657,2.07289
243,1,32.9595,9.03281,3.07148
750,1,30.2702,7.06493,1.84202
298,1,33.0331,0.714074,3.64672
882,1,32.3433,0.295149,7.11655
605,1,32.7149,5.97518,5.71869
814,1,30.9759,3.05688,5.04335
570,1,35.3231,6.44447,3.44417
594,1,38.2163,6.90797,5.3578
383,1,31.564,9.26541,6.27245
782,1,38.1711,1.3667,7.71022
417,1,38.6311,4.58207,9.0362
899,1,32.3024,7.07014,8.9836
561,1,30.6241,3.4224,1.54765
850,1,29.9576,2.95925,8.37122
14,1,30.602,2.67039,11.7851
847,1,36.7216,3.44313,11.8847
515,1,33.4895,4.37987,10.8769
722,1,37.8482,8.01796,11.8453
76,1,31.6078,0.545065,16.2523
270,1,37.3326,2.63483,15.2352
1280,1,33.7499,2.29663,13.8865
733,1,31.0566,3.93335,16.4272
138,1,39.4457,5.32965,14.6998
1223,1,32.7747,6.76134,15.2949
1323,1,37.4341,8.18337,15.3216
271,1,31.2156,2.04798,19.4106
485,1,37.7356,8.19009,18.8591
1325,1,34.7148,4.07353,17.0021
1177,1,38.7394,4.91582,19.5274
766,1,31.3352,7.96544,18.7866
302,1,34.5909,7.94985,17.8342
868,1,30.7074,9.4431,10.8535
1094,1,33.6765,1.38512,22.3816
844,1,39.4416,9.34152,29.3397
208,1,32.5539,4.69368,21.2959
1152,1,31.0894,7.87592,22.1482
363,1,36.3064,5.21656,22.849
381,1,35.8051,3.10441,20.1929
170,1,34.4754,7.63913,21.306
323,1,38.0629,8.10028,22.3414
1146,1,37.8956,6.2056,29.355
348,1,30.4413,2.49694,23.3944
973,1,39.3053,1.64662,21.7614
702,1,31.7547,5.53893,24.6384
6,1,34.6424,3.8293,25.5817
216,1,37.7815,2.66689,24.5914
1310,1,37.3688,6.33546,25.9641
770,1,34.3384,7.84249,25.0736
791,1,32.2564,2.711,27.8365
310,1,31.4254,7.56074,27.7162
609,1,35.3367,1.19336,28.2265
1008,1,38.1789,3.14403,27.9204
1155,1,34.6076,6.16958,28.2021
407,1,32.3284,5.47542,30.7598
505,1,39.6473,2.95164,31.0758
988,1,38.7813,6.7351,38.4422
1072,1,35.5852,6.85395,31.8575
173,1,39.8557,6.22206,32.0694
507,1,31.6988,-0.0104015,34.3262
864,1,31.2615,3.32867,34.9354
989,1,34.0791,5.12823,34.4016
396,1,30.6443,6.44821,36.2224
779,1,32.4615,8.09073,33.0705
1044,1,32.4517,9.30501,36.4821
1125,1,35.3228,8.30959,35.0768
67,1,38.5729,10.121,39.1518
871,1,38.2151,8.69564,33.5564
632,1,35.2435,2.17689,39.1408
826,1,38.6826,1.04026,37.8066
63,1,35.8934,5.11804,37.3596
1027,1,33.6261,6.28536,39.8809
803,1,35.4028,8.86896,38.4612
862,1,37.1531,10.2846,2.32434
456,1,30.2336,15.6397,2.48285
997,1,37.4208,16.2245,2.77893
1281,1,34.771,15.2278,0.719367
652,1,32.1322,17.4506,0.149116
72,1,34.1637,19.4905,2.1144
330,1,33.4156,16.465,3.70569
304,1,38.0025,18.1712,8.71707
543,1,36.4365,13.1272,4.23373
961,1,33.1157,13.0363,2.98761
800,1,37.8049,15.6633,6.22282
238,1,32.9015,19.5448,5.20683
902,1,36.0463,18.4147,4.99635
1061,1,31.1174,11.9313,8.51881
463,1,39.837,12.1177,8.95724
979,1,36.4222,11.4242,9.35045
498,1,34.238,12.9308,7.059
333,1,37.2179,14.8235,9.47108
951,1,39.7372,12.1017,3.86969
1129,1,32.8456,19.0758,8.57878
42,1,37.5677,19.7873,1.36646
1124,1,34.6948,16.3709,7.49115
467,1,31.8469,15.9647,9.42377
639,1,30.7143,11.326,13.7372
26,1,38.6646,17.6163,19.2636
945,1,35.0854,16.9228,18.393
1073,1,30.4675,13.7394,11.4097
916,1,37.9375,16.6695,12.5986
1045,1,37.5888,12.9381,12.3452
1028,1,33.113,19.6422,12.0406
1143,1,34.8356,16.8646,10.9757
1067,1,37.0346,14.061,18.885
1226,1,31.7186,12.2307,16.9346
680,1,30.9065,14.8507,14.7057
1036,1,37.1751,14.775,15.4616
833,1,31.3585,18.2984,14.6925
865,1,34.8057,17.2293,14.5197
389,1,37.3545,19.0679,16.101
440,1,40.0542,16.8411,16.0307
220,1,35.0518,11.426,17.6314
349,1,38.3213,11.4772,16.397
719,1,36.1695,20.1476,19.2628
521,1,31.6151,16.7148,18.6513
969,1,33.4713,19.8487,17.0326
1171,1,34.6738,12.4851,22.8866
856,1,36.3565,16.4365,21.639
1208,1,39.0619,14.2281,21.7715
636,1,33.4127,18.2755,21.1776
432,1,32.9687,10.6665,20.4013
1180,1,32.8078,10.982,25.6053
218,1,36.9775,10.4987,24.6437
749,1,31.9592,14.6558,23.2774
376,1,31.6164,18.3397,24.1698
658,1,30.2817,19.708,29.6643
1151,1,34.6007,16.6068,24.661
18,1,37.8325,19.1832,23.4214
1209,1,37.6887,11.176,20.721
875,1,32.519,12.2371,28.8683
941,1,35.5365,10.9231,27.7809
342,1,37.9971,13.4211,27.4697
423,1,31.2136,16.7219,28.0254
897,1,35.2296,15.9916,28.0687
672,1,37.9848,16.3692,25.553
523,1,33.6773,18.862,29.2966
478,1,36.2984,19.0939,26.8255
65,1,33.5601,14.1097,19.9438
883,1,35.7949,13.4441,30.3727
962,1,33.6442,11.4065,32.6133
41,1,36.4659,10.1245,30.9985
57,1,38.4792,15.6373,31.0426
1071,1,30.26,16.7698,31.5671
1238,1,35.4883,19.5841,33.3516
1019,1,34.8834,16.5827,31.6153
993,1,31.0465,12.1695,35.2771
912,1,34.8995,11.9473,36.1079
468,1,37.947,12.0398,34.3118
778,1,36.8682,15.259,34.1269
176,1,33.7649,17.6651,35.8407
287,1,35.4161,18.2573,39.094
24,1,38.5721,18.199,34.6607
1041,1,32.4931,11.3196,39.1859
70,1,35.745,12.1237,39.5223
508,1,38.815,13.4742,40.0199
886,1,36.0263,15.2514,37.4806
458,1,39.5174,14.0958,36.6545
1251,1,38.7249,16.9702,39.6432
678,1,37.0165,19.0341,30.2819
1056,1,31.5996,20.9206,0.210757
430,1,35.1323,21.7152,-0.272296
615,1,35.727,20.4672,9.9347
226,1,38.4217,23.1454,0.750445
894,1,34.2152,25.0052,8.99817
500,1,31.4828,26.0332,2.00434
1319,1,34.7344,24.91,2.04878
1311,1,30.1001,24.2485,8.23065
362,1,31.9827,29.4869,1.9707
5,1,33.8325,27.5281,-0.0975577
40,1,37.227,27.2911,0.842051
66,1,37.6323,27.6082,7.41074
994,1,35.1929,28.1833,10.1612
821,1,32.5495,22.5678,3.42228
1333,1,30.6733,21.7157,6.22595
1003,1,34.7698,21.9605,6.90595
1048,1,36.0287,22.0662,3.6001
353,1,37.9868,20.8234,6.22789
1289,1,37.8543,24.1451,7.22391
560,1,31.5183,25.556,5.41472
1326,1,34.9206,25.1899,5.59787
460,1,37.6871,25.3744,3.71783
324,1,31.5956,27.4188,8.43676
1197,1,31.5558,29.0486,5.32229
960,1,34.9325,28.1731,3.31702
1224,1,34.4966,28.478,6.77044
44,1,32.3426,22.1758,9.7015
1046,1,39.958,24.505,9.99255
583,1,32.3262,22.8195,13.1031
197,1,30.8921,25.4584,11.3093
322,1,34.1877,25.6663,12.4248
769,1,31.7951,28.7504,18.1809
397,1,37.4002,25.9425,13.5655
438,1,36.7432,23.6073,11.0511
186,1,32.4505,28.7303,12.3746
870,1,31.0901,22.3977,16.223
201,1,30.2492,29.6086,15.0398
372,1,36.4356,29.0363,15.0334
845,1,33.4081,27.2901,15.4405
565,1,39.4153,27.5144,15.9425
1119,1,32.0571,25.2594,17.9923
794,1,36.5899,25.8346,17.3316
842,1,39.7925,26.4083,19.2405
46,1,33.9912,22.929,19.7617
178,1,30.6046,20.3954,19.0029
194,1,38.7419,27.7491,10.6773
819,1,39.1619,21.0897,10.3701
117,1,31.8722,21.3703,22.1036
1068,1,39.8654,25.197,26.9015
130,1,36.288,25.333,20.7987
160,1,39.5939,23.1491,20.4974
1169,1,31.7302,28.6644,21.6894
917,1,37.3177,28.6734,20.8519
729,1,36.9705,22.5582,23.3681
1288,1,32.7056,25.1551,25.4202
1263,1,38.1244,25.795,23.8695
380,1,34.9019,27.1364,23.4644
823,1,34.8797,29.8036,25.7161
1256,1,37.904,28.2194,26.4241
163,1,34.8685,26.9289,27.7492
1306,1,32.2536,20.8414,26.8023
345,1,35.5156,21.7657,28.717
254,1,32.0178,29.0066,27.5612
863,1,33.1286,24.0207,28.7463
234,1,38.5033,21.9407,26.4358
473,1,34.5203,20.1479,23.9767
1338,1,31.0669,26.4269,29.7025
717,1,32.6235,20.99,31.893
898,1,30.2067,23.1239,30.5045
315,1,35.5526,22.921,32.1882
156,1,39.3462,21.0221,32.9227
301,1,38.645,22.2763,29.8885
1148,1,36.2029,20.594,36.6101
930,1,39.1102,24.5115,32.7789
934,1,36.9591,25.3373,30.1212
1260,1,32.404,29.3206,31.145
501,1,35.771,28.4918,31.0819
308,1,32.5503,22.0227,37.0308
745,1,30.3896,20.8151,34.5646
27,1,37.7003,29.3329,38.0315
307,1,32.0838,23.8259,33.8623
640,1,31.6534,25.5536,36.8847
540,1,35.1863,23.7948,35.5528
1184,1,38.8114,22.7941,35.834
205,1,31.366,29.5879,34.5772
177,1,35.6985,29.6391,34.3878
1261,1,33.5097,27.0039,33.5588
1329,1,34.958,27.3796,36.7054
1185,1,38.9692,29.4391,33.401
1332,1,35.7585,24.8365,38.8044
78,1,38.2206,26.0925,36.7669
599,1,32.3518,32.3707,0.0276236
1350,1,39.3417,30.5566,2.55399
816,1,34.6572,34.4883,1.44281
626,1,37.6921,35.563,2.43586
80,1,32.5157,32.3672,3.79087
29,1,34.2728,31.9362,6.80483
1191,1,37.2351,30.6983,5.35249
354,1,32.9965,36.6369,3.69954
146,1,35.9362,39.4395,4.69549
792,1,38.1644,37.0331,5.53552
752,1,31.2067,30.981,8.18729
1214,1,37.7476,31.9387,9.123
359,1,34.9219,33.7683,9.69905
361,1,35.2205,35.1675,5.992
95,1,39.0372,33.6692,5.8126
736,1,37.7869,35.389,8.59262
1307,1,34.528,37.1282,8.82142
1175,1,31.4613,35.7031,0.707928
1330,1,30.7315,37.3009,6.27491
502,1,30.9135,39.0075,1.65038
210,1,35.3751,30.5525,0.811105
597,1,31.214,37.5267,9.86597
51,1,31.5165,33.8744,10.0881
553,1,34.4475,36.7068,17.2486
1004,1,31.4025,32.4092,13.3342
291,1,34.5921,31.5155,12.3383
820,1,37.9666,30.7085,12.3788
668,1,34.1868,40.0385,18.5539
1090,1,31.1039,35.8599,12.9431
1084,1,37.4311,34.8326,12.0728
1192,1,31.1255,39.4279,12.8884
356,1,31.1773,38.5059,19.4664
914,1,34.2994,39.6326,11.2368
1237,1,37.4696,38.4092,10.2309
1060,1,33.5298,30.7947,15.71
129,1,36.5664,32.853,14.8983
487,1,39.2329,30.9407,16.131
1287,1,32.4756,34.0474,16.179
1190,1,34.4587,35.5935,13.6525
392,1,38.7569,35.4889,15.653
196,1,37.2094,39.7398,13.3333
577,1,34.1615,38.9201,14.6669
279,1,39.698,39.4828,19.1737
684,1,35.9409,30.5018,18.1965
88,1,39.9593,30.7528,19.7998
788,1,34.7363,33.7272,19.0591
459,1,37.4035,36.7621,18.9772
701,1,38.0533,33.2904,18.3189
97,1,30.9395,37.1054,16.2554
1133,1,37.1632,39.5025,16.8265
861,1,33.1849,32.4817,23.4382
828,1,36.2068,31.8342,21.6957
290,1,31.5715,34.3262,20.2067
1299,1,38.9739,36.0704,25.774
31,1,36.4657,35.2712,22.137
443,1,31.4165,37.6935,22.9088
410,1,34.5746,38.1322,21.4895
888,1,34.2922,31.8226,28.5887
970,1,38.0199,38.3319,22.0456
1114,1,37.6517,31.8684,26.2085
326,1,30.8231,35.8771,25.8671
781,1,34.2,36.6724,25.2662
1210,1,39.1984,39.4822,25.0788
1275,1,39.2117,39.1979,28.5743
143,1,32.2856,40.1558,25.3944
367,1,35.7115,39.8493,24.9796
1293,1,31.6235,39.394,28.7592
111,1,31.7257,32.729,30.8077
859,1,38.6647,30.0814,29.8939
1123,1,37.3149,32.5548,32.0043
1022,1,34.4243,34.8402,30.3837
1156,1,37.283,36.6879,31.0201
209,1,30.8768,37.3813,31.6209
499,1,31.7311,32.6147,36.3259
1282,1,34.462,32.7337,34.0382
206,1,36.1788,35.7664,34.2269
1017,1,32.7012,35.5978,34.5543
145,1,39.5144,34.736,34.4888
504,1,34.9862,38.9739,34.3093
1051,1,38.5494,38.3633,34.1164
1218,1,34.8124,31.1896,37.4117
135,1,37.0147,33.8695,36.9315
1078,1,39.76,31.6518,36.3684
1336,1,38.2265,32.4407,39.8343
33,1,36.5157,36.6016,39.1146
558,1,33.4884,39.7937,37.3424
1334,1,30.4326,38.475,38.2545
1064,1,39.5001,34.2242,29.789